ID	LABEL	Type
ID	A rdfs:label	TYPE
bfo:TimeInstant	Time_Instant	owl:Class
bfo:TimeInterval	Time_Interval	owl:Class
pti:PeriodicTimeInterval	Periodic_Time_Interval	owl:Class
teo:Afternoon	Afternoon	owl:Class
teo:Clinical_Intervention	Clinical_Intervention	owl:Class
teo:Diagnosis	Diagnosis	owl:Class
teo:Documentation	Documentation	owl:Class
teo:Observation	Observation	owl:Class
teo:Other_Event	Other_Event	owl:Class
teo:Patient_Accident	Patient_Accident	owl:Class
teo:TEO_0000011	Holiday	owl:Class
teo:TEO_0000013	US_Holiday	owl:Class
teo:TEO_0000017	US_Federal_Holiday	owl:Class
teo:TEO_0000019	First_Week_of_a_Month	owl:Class
teo:TEO_0000021	New_Year's_Day	owl:Class
teo:TEO_0000025	Event	owl:Class
teo:TEO_0000030	Week	owl:Class
teo:TEO_0000031	Second_Week_of_a_Month	owl:Class
teo:TEO_0000032	Duration	owl:Class
teo:TEO_0000035	Third_Week_of_a_Month	owl:Class
teo:TEO_0000042	Monday	owl:Class
teo:TEO_0000043	Tuesday	owl:Class
teo:TEO_0000045	Wednesday	owl:Class
teo:TEO_0000046	Thursday	owl:Class
teo:TEO_0000047	Friday	owl:Class
teo:TEO_0000048	Saturday	owl:Class
teo:TEO_0000049	Sunday	owl:Class
teo:TEO_0000050	Month	owl:Class
teo:TEO_0000051	Year	owl:Class
teo:TEO_0000052	January	owl:Class
teo:TEO_0000053	February	owl:Class
teo:TEO_0000054	March	owl:Class
teo:TEO_0000055	April	owl:Class
teo:TEO_0000056	May	owl:Class
teo:TEO_0000057	June	owl:Class
teo:TEO_0000058	July	owl:Class
teo:TEO_0000059	August	owl:Class
teo:TEO_0000060	September	owl:Class
teo:TEO_0000061	October	owl:Class
teo:TEO_0000062	November	owl:Class
teo:TEO_0000063	December	owl:Class
teo:TEO_0000065	Birthday_of_Martin_Luther_King,_Jr.	owl:Class
teo:TEO_0000066	Inauguration_Day	owl:Class
teo:TEO_0000067	Washington's_Birthday	owl:Class
teo:TEO_0000068	Memorial_Day	owl:Class
teo:TEO_0000069	Independence_Day	owl:Class
teo:TEO_0000070	Labor_Day	owl:Class
teo:TEO_0000071	Columbus_Day	owl:Class
teo:TEO_0000072	Veterans_Day	owl:Class
teo:TEO_0000073	Thanksgiving_Day	owl:Class
teo:TEO_0000074	Christmas	owl:Class
teo:TEO_0000080	Relative_Time	owl:Class
teo:TEO_0000081	Today	owl:Class
teo:TEO_0000082	Tomorrow	owl:Class
teo:TEO_0000083	Yesterday	owl:Class
teo:TEO_0000084	Week_Day	owl:Class
teo:TEO_0000088	Fourth_Week_of_a_Month	owl:Class
teo:TEO_0000089	Fifth_Week_of_a_Month	owl:Class
teo:TEO_0000091	Month_Day	owl:Class
teo:TEO_0000094	Calendar_Month	owl:Class
teo:TEO_0000095	Day	owl:Class
teo:TEO_0000098	Day_1_of_a_Month	owl:Class
teo:TEO_0000099	Day_2_of_a_Month	owl:Class
teo:TEO_0000100	Day_3_of_a_Month	owl:Class
teo:TEO_0000101	Day_4_of_a_Month	owl:Class
teo:TEO_0000102	Day_5_of_a_Month	owl:Class
teo:TEO_0000103	Day_6_of_a_Month	owl:Class
teo:TEO_0000104	Day_7_of_a_Month	owl:Class
teo:TEO_0000105	Day_8_of_a_Month	owl:Class
teo:TEO_0000106	Day_9_of_a_Month	owl:Class
teo:TEO_0000107	Day_10_of_a_Month	owl:Class
teo:TEO_0000108	Day_11_of_a_Month	owl:Class
teo:TEO_0000109	Day_12_of_a_Month	owl:Class
teo:TEO_0000110	Day_13_of_a_Month	owl:Class
teo:TEO_0000111	Day_14_of_a_Month	owl:Class
teo:TEO_0000112	Day_15_of_a_Month	owl:Class
teo:TEO_0000113	Day_16_of_a_Month	owl:Class
teo:TEO_0000114	Day_17_of_a_Month	owl:Class
teo:TEO_0000115	Day_18_of_a_Month	owl:Class
teo:TEO_0000116	Day_19_of_a_Month	owl:Class
teo:TEO_0000117	Day_20_of_a_Month	owl:Class
teo:TEO_0000118	Day_21_of_a_Month	owl:Class
teo:TEO_0000119	Day_22_of_a_Month	owl:Class
teo:TEO_0000120	Day_23_of_a_Month	owl:Class
teo:TEO_0000121	Day_24_of_a_Month	owl:Class
teo:TEO_0000122	Day_25_of_a_Month	owl:Class
teo:TEO_0000123	Day_28_of_a_Month	owl:Class
teo:TEO_0000124	Day_29_of_a_Month	owl:Class
teo:TEO_0000125	Day_30_of_a_Month	owl:Class
teo:TEO_0000126	Day_31_of_a_Month	owl:Class
teo:TEO_0000127	Last_Week_of_a_Month	owl:Class
teo:TEO_0000162	Granularity	owl:Class
teo:TEO_0000190	Instant_of_the_Day	owl:Class
teo:TEO_0000191	Instant_of_the_Week	owl:Class
teo:TEO_0000192	Instant_of_the_Month	owl:Class
teo:TEO_0000193	Instant_of_the_Year	owl:Class
teo:TEO_0000194	Morning	owl:Class
teo:TEO_0000195	Noon	owl:Class
teo:TEO_0000196	Evening	owl:Class
teo:TEO_0000197	The_Beginning_of_the_Week	owl:Class
teo:TEO_0000198	The_Middle_of_the_Week	owl:Class
teo:TEO_0000199	The_End_of_the_Week	owl:Class
teo:TEO_0000200	The_Beginning_of_the_Month	owl:Class
teo:TEO_0000201	The_Middle_of_the_Month	owl:Class
teo:TEO_0000202	The_End_of_the_Month	owl:Class
teo:TEO_0000203	The_Beginning_of_the_Year	owl:Class
teo:TEO_0000204	The_Middle_of_the_Year	owl:Class
teo:TEO_0000205	The_End_of_the_Year	owl:Class
teo:TEO_0000207	Spring	owl:Class
teo:TEO_0000208	Fall	owl:Class
teo:TEO_0000209	Summer	owl:Class
teo:TEO_0000210	Winter	owl:Class
teo:TEO_0000211	Time_of_the_Age	owl:Class
teo:TEO_0000213	AM	owl:Class
teo:TEO_0000214	PM	owl:Class
teo:Test_and_Test_evaluation	Test_and_Test_Evaluation	owl:Class
teo:Time	Time	owl:Class
